date,tag,downloads
2026-10-06,v1.1.1,0
2026-10-06,v1.14.1,0
2026-10-06,v1.14.0,10
2026-10-06,v1.13.4,3
2026-10-06,v1.13.3,2
2026-10-06,v1.13.2,0
2026-10-06,v1.13.1,1
2026-10-06,v1.13.0,0
2026-10-06,v1.12.0,0
2026-10-06,v1.11.9,2
2026-10-06,v1.11.8,4
2026-10-06,v1.11.6,4
2026-10-06,v1.11.5,0
2026-10-06,v1.11.3,0
2026-10-06,v1.11.1,0
2026-10-06,v1.11.0,0
2026-10-06,v1.10.4,4
2026-10-06,v1.10.2,0
2026-10-06,v1.10.1,0
2026-10-06,v1.10.0,1
2026-10-06,v1.9.28,1
2026-10-06,v1.9.27,2
2026-10-06,v1.9.26,0
2026-10-06,v1.9.25,0
2026-10-06,v1.9.24,0
2026-10-06,v1.9.23,0
2026-10-06,v1.9.22,0
2026-10-06,v1.9.21,0
2026-10-06,v1.9.20,0
2026-10-06,v1.9.19,0
2026-10-06,v1.9.18,0
2026-10-06,v1.9.17,0
2026-10-06,v1.9.16,0
2026-10-06,v1.9.15,0
2026-10-06,v1.9.14,0
2026-10-06,v1.9.13,0
2026-10-06,v1.9.12,0
2026-10-06,v1.9.11,0
2026-10-06,v1.9.10,1
2026-10-06,v1.9.9,0
2026-10-06,v1.9.8,0
2026-10-06,v1.9.7,0
2026-10-06,v1.9.4,0
2026-10-06,v1.9.3,1
2026-10-06,v1.9.2,0
2026-10-06,v1.9.1,0
2026-10-06,v1.9.0,0
2026-10-06,v1.8.0,0
2026-10-06,v1.7.1,1
2026-10-06,v1.7.0,0
2026-10-06,v1.6.1,1
2026-10-06,v1.4.0,0
2026-10-06,v1.3.0,5
2026-10-06,v1.2.1,1
2026-10-06,v1.2.0,1
2026-10-06,v1.1.2,0
2026-10-06,v1.1.0,0
2026-10-06,v1.0.7,0
2026-10-06,v1.0.6,0
2026-10-06,v1.0.5,0
2026-10-06,v1.0.4,0
2026-10-06,v1.0.3,0
2026-10-06,v1.0.2,4
2026-10-06,v1.0.1,1
2026-10-06,v1.0.0,0
